2017-03-16T15:20:08.496734;217.19.209.163;ab402b99cff34312a134e63efc52644f;[3];OK (942871)
2017-03-16T15:20:12.665631;217.19.209.163;8b788ecfa9c44a38b09962c373a9d02f;[3];OK (636631)
2017-03-16T15:20:16.969272;10.253.247.100;e61fbf8d54434242a5b0f5b6703ae9fb;[11];OK (655706)
2017-03-16T15:20:17.478023;10.253.79.187;38422ca5a9a244f596cdc155e855f573;[9];OK (598744)
2017-03-16T15:20:21.084739;10.254.28.131;46f9d5ad083e4f58a7e0b852f246ae7c;[2];OK (709177)
2017-03-16T15:20:22.538785;217.19.209.163;8a418a5ec07b4be8a56711071f465a69;[3];OK (697885)
2017-03-16T15:20:23.520322;217.19.209.163;8b788ecfa9c44a38b09962c373a9d02f;[3];DOUBLEVOTING (636631)
2017-03-16T15:20:26.587943;66.102.9.40;5bacd43a412d42718e856912fb8e06a7;[3];OK (757266)
2017-03-16T15:20:26.604510;10.253.77.221;93238a6e8f3f42ecbd5f1aa8a2987501;[3];OK (215757)
2017-03-16T15:20:30.070008;10.253.50.157;6fa89c07b6a440e6a519ccb818dfb6e2;[3];OK (675443)
2017-03-16T15:20:31.600400;10.253.225.226;5f9a31058aa74d76936a95cdd18648d0;[3];OK (108958)
2017-03-16T15:20:32.317834;217.19.208.102;00159dcab8024f5b9eddc83be50c20df;[3];OK (679573)
2017-03-16T15:20:34.507622;10.253.247.100;e61fbf8d54434242a5b0f5b6703ae9fb;[11];OK (545738)
2017-03-16T15:20:34.747970;10.253.0.58;b9dd69d610434b35b851ff6bbb7cfdae;[4];OK (799185)
2017-03-16T15:20:35.161448;217.19.208.104;4956f04e14c94b6ba5c841c4d9bcda84;[2];OK (705739)
2017-03-16T15:20:35.445150;217.19.208.98;ac0c98744ff54d9e8d70a2a59b65075e;[3];OK (531329)
2017-03-16T15:20:36.950950;10.253.17.35;402951af6a0f46edbceff42938c688fb;[7];NOCODE (371456)
2017-03-16T15:20:38.292370;10.253.77.221;93238a6e8f3f42ecbd5f1aa8a2987501;[3];DOUBLEVOTING (215757)
2017-03-16T15:20:40.330057;10.254.17.162;5fd7816469cc49a58cfbe04fffe798bb;[12];OK (046604)
2017-03-16T15:20:40.376043;10.253.13.24;e62806f166f645c59b64027012b9d448;[3];OK (384292)
2017-03-16T15:20:41.731960;217.19.209.163;8a418a5ec07b4be8a56711071f465a69;[3];OK (232761)
2017-03-16T15:20:41.801989;10.253.79.187;38422ca5a9a244f596cdc155e855f573;[9];OK (457793)
2017-03-16T15:20:43.969154;217.19.209.163;956d33fd1f924f86894da9aa51d5a04b;[3];OK (276226)
2017-03-16T15:20:44.354140;10.253.0.34;86194913d5664cd982116e91767aeb1a;[11];OK (306252)
2017-03-16T15:20:44.443811;217.19.208.102;4f78c9dcfaa6444ba0f0832db54e9b57;[4];OK (341003)
2017-03-16T15:20:44.759002;10.253.252.209;ba3578c628bb4fb8b746f10bac3e664e;[11];OK (043091)
2017-03-16T15:20:45.389193;10.254.39.69;3dc6651b7e6c4b01b2009d97f08f2bb2;[4];OK (154445)
2017-03-16T15:20:45.395275;217.19.208.102;4f78c9dcfaa6444ba0f0832db54e9b57;[4];DOUBLEVOTING (341003)
2017-03-16T15:20:45.824985;10.254.26.30;c71de8c9a0e14dbcbdc6533747918f7c;[9];OK (815521)
2017-03-16T15:20:46.095326;10.253.0.58;b9dd69d610434b35b851ff6bbb7cfdae;[4];DOUBLEVOTING (799185)
2017-03-16T15:20:46.647978;10.254.39.69;3dc6651b7e6c4b01b2009d97f08f2bb2;[4];DOUBLEVOTING (154445)
2017-03-16T15:20:46.690327;10.253.77.221;93238a6e8f3f42ecbd5f1aa8a2987501;[3];DOUBLEVOTING (215757)
2017-03-16T15:20:48.587231;10.253.188.24;2552984dfbda43edb4cab236ac20f2a0;[3];OK (921565)
2017-03-16T15:20:48.624862;10.254.28.131;46f9d5ad083e4f58a7e0b852f246ae7c;[2];DOUBLEVOTING (709177)
2017-03-16T15:20:48.726967;10.254.23.242;54b233fad51542028274eead288c756f;[3, 7, 8, 9, 12];OK (192531)
2017-03-16T15:20:49.151221;10.253.188.24;2552984dfbda43edb4cab236ac20f2a0;[3];DOUBLEVOTING (921565)
2017-03-16T15:20:50.243191;10.253.75.109;5538a2bed92944e7bd1a4729f8952318;[4];OK (344282)
2017-03-16T15:20:51.427782;10.253.238.109;4243d907aad04b5f8da10b48e69c5675;[3];OK (505984)
2017-03-16T15:20:51.918554;217.19.208.98;ac0c98744ff54d9e8d70a2a59b65075e;[3];DOUBLEVOTING (531329)
2017-03-16T15:20:53.553494;10.253.225.226;5f9a31058aa74d76936a95cdd18648d0;[3];OK (440027)
2017-03-16T15:20:54.068458;10.253.50.157;6fa89c07b6a440e6a519ccb818dfb6e2;[3];DOUBLEVOTING (675443)
2017-03-16T15:20:54.325268;10.253.77.221;93238a6e8f3f42ecbd5f1aa8a2987501;[3];DOUBLEVOTING (215757)
2017-03-16T15:20:56.280794;66.102.9.38;5bacd43a412d42718e856912fb8e06a7;[3];OK (955671)
2017-03-16T15:20:56.670280;217.19.209.163;8b788ecfa9c44a38b09962c373a9d02f;[3];DOUBLEVOTING (636631)
2017-03-16T15:20:56.952688;10.253.247.100;e61fbf8d54434242a5b0f5b6703ae9fb;[11];OK (521256)
2017-03-16T15:20:58.189538;10.253.13.24;e62806f166f645c59b64027012b9d448;[3];OK (131846)
2017-03-16T15:21:00.876736;10.253.24.159;9d62ed20bcc04fd79ba270e0d61c7e25;[8];OK (772879)
2017-03-16T15:21:01.035542;10.254.22.16;1dde005e137e48499f91d1044dda373a;[11];OK (867259)
2017-03-16T15:21:01.271783;10.253.79.187;38422ca5a9a244f596cdc155e855f573;[9];OK (639963)
2017-03-16T15:21:01.974587;10.253.68.167;2a5dd72688104a838911a18acb4b0e9f;[5, 10];OK (392375)
2017-03-16T15:21:02.008927;217.19.208.103;24ae1e13dd4b412f884155b3490d9b69;[10, 11];OK (803818)
2017-03-16T15:21:02.575967;10.253.233.54;ac05b92f1bd341f989796dca0af1880e;[5];OK (228409)
2017-03-16T15:21:02.886633;10.253.40.166;7d30704530634368a2eff141db20570a;[5, 7, 10];OK (816604)
2017-03-16T15:21:03.317520;10.254.35.161;357f01da9c114bba8863108b2e64ab1f;[3];OK (523048)
2017-03-16T15:21:04.396726;10.254.28.131;46f9d5ad083e4f58a7e0b852f246ae7c;[2];OK (912017)
2017-03-16T15:21:04.409091;217.19.208.104;4956f04e14c94b6ba5c841c4d9bcda84;[2];OK (591013)
2017-03-16T15:21:04.565579;217.19.208.98;ac0c98744ff54d9e8d70a2a59b65075e;[3];OK (175998)
2017-03-16T15:21:06.104651;10.253.31.128;fd0602cf63de4dd48d0f01cb50400941;[4];OK (072074)
2017-03-16T15:21:06.509550;10.253.74.245;9f00a459764f434fa138c092c37357d0;[3];OK (098692)
2017-03-16T15:21:08.042479;10.254.42.22;96dea441f22d48e0a70b1fd23abcee4f;[2];OK (107350)
2017-03-16T15:21:08.846844;10.253.226.93;7b27796aa96340049b27883342ad1a69;[10];OK (372831)
2017-03-16T15:21:08.877251;10.254.30.140;ed24cc539db3491faa1b775d042f256d;[10, 11];OK (652093)
2017-03-16T15:21:09.629357;10.254.17.162;5fd7816469cc49a58cfbe04fffe798bb;[12];OK (469786)
2017-03-16T15:21:09.739030;217.19.208.101;6f637f116a4b48c0ab8320aeb8548edb;[2, 3, 9];OK (185233)
2017-03-16T15:21:09.827610;10.253.6.203;0dc1fd7bb1344d5e874ac296ac0e128c;[3];OK (367184)
2017-03-16T15:21:09.879003;217.19.216.244;b1f148fdf40846358670021070080eb8;[3, 11];OK (521044)
2017-03-16T15:21:09.981831;10.253.22.8;3e2badbff73e46f796ab5d1e2283c50b;[5];OK (246445)
2017-03-16T15:21:10.475499;217.19.209.163;956d33fd1f924f86894da9aa51d5a04b;[3];DOUBLEVOTING (276226)
2017-03-16T15:21:10.609947;10.253.22.198;5c1d50b631b54243a76721edb60c7c4e;[11];OK (222530)
2017-03-16T15:21:11.327917;10.253.77.221;93238a6e8f3f42ecbd5f1aa8a2987501;[3];OK (490177)
2017-03-16T15:21:11.885033;10.253.13.24;e62806f166f645c59b64027012b9d448;[3];OK (799560)
2017-03-16T15:21:12.201010;217.19.209.163;8a418a5ec07b4be8a56711071f465a69;[3];OK (060360)
2017-03-16T15:21:13.834034;10.253.243.157;c6872f9529ce450a8ae685a8b12dd27f;[1];OK (338368)
2017-03-16T15:21:13.849089;10.253.17.35;402951af6a0f46edbceff42938c688fb;[7];OK (874516)
2017-03-16T15:21:15.548726;217.19.209.163;ab402b99cff34312a134e63efc52644f;[3];OK (154848)
2017-03-16T15:21:16.405368;10.254.30.140;c62f7f6ceb2f41d19fdf260c227cce0c;[11];OK (520954)
2017-03-16T15:21:17.026368;10.253.0.179;bc83306a0acc4aae8aa32feeec3ce924;[3, 9, 10];OK (003084)
2017-03-16T15:21:17.582423;10.253.188.100;846839c4e119472f8c772ee5d36ee9a7;[5];OK (815906)
2017-03-16T15:21:18.502691;10.253.22.226;ff3455d08c3c4b1b9236d083e4b25646;[3];OK (615784)
2017-03-16T15:21:18.568532;10.253.188.100;846839c4e119472f8c772ee5d36ee9a7;[5];DOUBLEVOTING (815906)
2017-03-16T15:21:19.640799;10.253.77.246;bb7df0fe701d4a97b91b568f041035c5;[11];OK (711254)
2017-03-16T15:21:19.948343;10.253.6.203;0dc1fd7bb1344d5e874ac296ac0e128c;[3];DOUBLEVOTING (367184)
2017-03-16T15:21:20.043952;10.253.79.187;38422ca5a9a244f596cdc155e855f573;[9];OK (705816)
2017-03-16T15:21:21.255240;10.253.225.226;5f9a31058aa74d76936a95cdd18648d0;[3];OK (262726)
2017-03-16T15:21:21.635255;10.254.22.16;1dde005e137e48499f91d1044dda373a;[11];OK (885630)
2017-03-16T15:21:22.078618;10.253.31.128;fd0602cf63de4dd48d0f01cb50400941;[4];OK (891113)
2017-03-16T15:21:22.089537;10.253.15.224;9124142c572347b58701ad6f13631f75;[5];NOCODE (778)
2017-03-16T15:21:22.894702;217.19.208.98;ac0c98744ff54d9e8d70a2a59b65075e;[3];OK (997463)
2017-03-16T15:21:23.588301;10.253.197.53;44adcd7a14ba4a9997a9a17a2a37ad92;[3];NOCODE (545585)
2017-03-16T15:21:26.483750;10.253.241.21;526904cbaa86409c9dedeb2828d9f238;[3];OK (562063)
2017-03-16T15:21:26.633831;217.19.208.109;c48bc7f270b643fa92d332c44756172b;[3];OK (132803)
2017-03-16T15:21:27.049828;10.254.44.105;46a8e3e711e14fb09f56aa347d9ede56;[3, 10, 12];OK (419182)
2017-03-16T15:21:27.441997;10.254.29.42;a1d283a43ce644a09ee09d0bf6b10e17;[5];OK (325371)
2017-03-16T15:21:27.894948;10.253.11.182;8a822cc6e9da4644b6a329fa8da9bb41;[11];OK (940794)
2017-03-16T15:21:28.172021;10.253.18.106;404648f18b534c669078233b8371ef09;[3];OK (316575)
2017-03-16T15:21:29.119331;10.253.247.100;e61fbf8d54434242a5b0f5b6703ae9fb;[11];OK (390822)
2017-03-16T15:21:29.552480;10.254.18.142;910e07b1f84c40be80f9ab54c7198fee;[1, 3, 9];OK (621439)
2017-03-16T15:21:30.360350;10.253.250.129;851bf5d0cc6744daa86e950026809ff4;[2, 3];OK (161126)
2017-03-16T15:21:31.309374;10.254.35.161;357f01da9c114bba8863108b2e64ab1f;[3];DOUBLEVOTING (523048)
2017-03-16T15:21:31.523203;217.19.209.163;ab402b99cff34312a134e63efc52644f;[3];DOUBLEVOTING (154848)
2017-03-16T15:21:31.627780;217.19.208.102;4f78c9dcfaa6444ba0f0832db54e9b57;[4];OK (996471)
2017-03-16T15:21:31.679783;10.254.30.141;89f09c40ec4f4764ba1ee74d8fd3a6d8;[3, 5];OK (828550)
2017-03-16T15:21:32.835219;10.253.77.221;93238a6e8f3f42ecbd5f1aa8a2987501;[3];OK (379349)
2017-03-16T15:21:35.380615;10.254.37.175;e9a6ff89908d4ed0948a2fc492ae6c02;[11];OK (507376)
2017-03-16T15:21:35.545897;10.253.18.113;fb459237b2d44c379d435a9fdbd35477;[5, 7, 12];OK (815683)
2017-03-16T15:21:35.565883;10.253.72.150;32a2925b550d46a18f825340c940c5e4;[3, 5];OK (629900)
2017-03-16T15:21:36.769400;10.253.25.85;f362ca7ab0f14104953d612aaa412826;[8];OK (731335)
2017-03-16T15:21:36.962216;10.253.21.221;7349a6b3a1744d70b824983ecebc0fa7;[9];OK (985395)
2017-03-16T15:21:36.990637;10.254.31.166;c8f879fe98ca47b0b972f4c92a250312;[1];OK (883373)
2017-03-16T15:21:37.011835;217.19.208.104;4956f04e14c94b6ba5c841c4d9bcda84;[2];OK (527817)
2017-03-16T15:21:37.085427;10.253.72.112;a3b12dd5a98e442aa6b3f038bd32d4f9;[7];OK (425361)
2017-03-16T15:21:38.012626;10.254.17.162;5fd7816469cc49a58cfbe04fffe798bb;[12];OK (513636)
2017-03-16T15:21:39.124527;217.19.209.163;8a418a5ec07b4be8a56711071f465a69;[3];NOCODE (077548)
2017-03-16T15:21:39.572260;217.19.208.102;63604162bfab4e7c8907125270be2fd3;[5];OK (691854)
2017-03-16T15:21:40.340602;10.254.28.209;e7d4e499d66242ae8a8257554f98e3c7;[3, 10];OK (691493)
2017-03-16T15:21:41.100308;217.19.208.109;6a5902f2cabf42cb8c5eaf1c6a2b36d1;[3];OK (139492)
2017-03-16T15:21:41.314284;10.253.6.203;0dc1fd7bb1344d5e874ac296ac0e128c;[3];OK (984526)
2017-03-16T15:21:42.122134;10.253.37.31;91455dad521746fe8f522c902d38200c;[3];OK (401292)
2017-03-16T15:21:42.346051;10.253.252.209;ba3578c628bb4fb8b746f10bac3e664e;[11];OK (057303)
2017-03-16T15:21:42.833167;10.253.50.157;b138db89c25844b29eda8f31ef861fb8;[3];OK (901514)
2017-03-16T15:21:44.327023;10.253.11.182;8a822cc6e9da4644b6a329fa8da9bb41;[11];OK (999164)
2017-03-16T15:21:44.373303;10.253.50.157;6fa89c07b6a440e6a519ccb818dfb6e2;[3];DOUBLEVOTING (675443)
2017-03-16T15:21:44.701355;10.253.24.233;331886a7927142528bef8087c34c8e2d;[12];OK (873052)
2017-03-16T15:21:44.958235;10.253.68.167;2a5dd72688104a838911a18acb4b0e9f;[3, 5, 7];OK (013577)
2017-03-16T15:21:45.329450;10.253.28.67;33fe5ef57e364f66a37bb49337c69392;[6];OK (688318)
2017-03-16T15:21:45.448909;217.19.208.107;c62ec931401547549d0b90bbe899e33e;[1];OK (427535)
2017-03-16T15:21:45.469884;10.253.17.35;402951af6a0f46edbceff42938c688fb;[7];DOUBLEVOTING (874516)
2017-03-16T15:21:45.809212;217.19.208.101;b5787d62b0604262bd2c6e9d44c60723;[7];OK (447451)
2017-03-16T15:21:46.231008;217.19.208.101;6f637f116a4b48c0ab8320aeb8548edb;[2, 3, 9];DOUBLEVOTING (185233)
2017-03-16T15:21:46.679158;10.254.33.211;fe452252bd99404a8bb79cfbaee9bebf;[7];OK (587539)
2017-03-16T15:21:47.029476;10.253.186.143;47437ebe38f04633be0bad7a4d1296b1;[6];OK (034460)
2017-03-16T15:21:47.059981;10.253.225.226;5f9a31058aa74d76936a95cdd18648d0;[3];OK (718463)
2017-03-16T15:21:47.111894;10.253.18.106;404648f18b534c669078233b8371ef09;[3];DOUBLEVOTING (316575)
2017-03-16T15:21:47.236039;10.253.185.133;fecac6e8969646adb315a9626ab4ff8c;[10];OK (196123)
2017-03-16T15:21:47.296670;10.253.235.187;eda1fa22c3ce4ed2bc3426f8afdd304f;[8];OK (583693)
2017-03-16T15:21:47.751026;10.254.40.73;a9f7ecae1aae4ecd80e362fcab55915a;[2];OK (165253)
2017-03-16T15:21:47.911341;10.254.36.238;6cadb81565524bdb8e01b7619b63933b;[3];OK (567818)
2017-03-16T15:21:48.103995;10.253.28.67;33fe5ef57e364f66a37bb49337c69392;[6];DOUBLEVOTING (688318)
2017-03-16T15:21:49.386048;217.19.209.163;956d33fd1f924f86894da9aa51d5a04b;[3];OK (768873)
2017-03-16T15:21:49.518672;10.253.5.111;5ff682d58177487d8f81e8ef4fea650f;[10, 11];OK (907923)
2017-03-16T15:21:49.848162;217.19.208.98;ac0c98744ff54d9e8d70a2a59b65075e;[3];OK (485777)
2017-03-16T15:21:50.034812;10.253.13.24;e62806f166f645c59b64027012b9d448;[3];DOUBLEVOTING (384292)
2017-03-16T15:21:50.036809;10.253.79.187;38422ca5a9a244f596cdc155e855f573;[9];OK (250636)
2017-03-16T15:21:50.316528;10.254.36.238;6cadb81565524bdb8e01b7619b63933b;[3];DOUBLEVOTING (567818)
2017-03-16T15:21:50.361403;10.253.197.53;44adcd7a14ba4a9997a9a17a2a37ad92;[3];NOCODE (154849)
2017-03-16T15:21:50.672658;10.253.195.234;88ddc721278d4ca1a0096dec1880c531;[3, 9];OK (462930)
2017-03-16T15:21:50.783222;10.254.30.140;c62f7f6ceb2f41d19fdf260c227cce0c;[11];DOUBLEVOTING (520954)
2017-03-16T15:21:52.523618;10.253.31.149;d40a02e6e0a04c09a369690b96b0b8cd;[2];OK (355484)
2017-03-16T15:21:52.940270;10.253.74.12;ee09ce4dd08f4f3eac02ff213bb18ff6;[3, 9, 10];OK (489282)
2017-03-16T15:21:53.201759;10.254.30.140;c62f7f6ceb2f41d19fdf260c227cce0c;[11];DOUBLEVOTING (520954)
2017-03-16T15:21:53.252558;10.254.17.162;5fd7816469cc49a58cfbe04fffe798bb;[12];OK (466378)
2017-03-16T15:21:53.391047;10.253.247.100;e61fbf8d54434242a5b0f5b6703ae9fb;[11];OK (979106)
2017-03-16T15:21:53.854591;10.253.2.146;39ff70c2311349d1973eedc7336c0784;[7];OK (698331)
2017-03-16T15:21:54.658547;10.254.30.140;c62f7f6ceb2f41d19fdf260c227cce0c;[11];DOUBLEVOTING (520954)
2017-03-16T15:21:54.836816;217.19.209.163;956d33fd1f924f86894da9aa51d5a04b;[3];DOUBLEVOTING (768873)
2017-03-16T15:21:54.849586;217.19.209.163;956d33fd1f924f86894da9aa51d5a04b;[3];DOUBLEVOTING (768873)
2017-03-16T15:21:56.474612;10.253.77.221;93238a6e8f3f42ecbd5f1aa8a2987501;[3];OK (432146)
2017-03-16T15:21:56.819978;10.253.28.118;ec8e03a3e0a247e389d4b7cb8143c705;[5];OK (246083)
2017-03-16T15:21:56.895800;10.253.6.203;0dc1fd7bb1344d5e874ac296ac0e128c;[3];DOUBLEVOTING (367184)
2017-03-16T15:21:57.154111;10.253.186.246;ee9d36f27a5b475f97721499dfa7040d;[2, 3, 12];OK (686320)
2017-03-16T15:21:58.253886;217.19.208.102;b3b5ff0e6eeb4557a17271b6a7bc6e86;[9];OK (474058)
2017-03-16T15:22:02.930751;10.253.31.131;d68e78251e4345fda853e2025d2d987e;[3, 12];OK (354335)
2017-03-16T15:22:03.496126;10.253.251.143;baf79da8120f49dd822640e3022281f5;[9];OK (152911)
2017-03-16T15:22:03.570783;217.19.208.110;6bf209984f7e42e69ba8a4068709e619;[3];OK (794693)
2017-03-16T15:22:04.361352;10.254.22.179;03e023639b4049978fe005cfe50082fd;[2];OK (528343)
2017-03-16T15:22:04.529046;10.253.252.209;ba3578c628bb4fb8b746f10bac3e664e;[11];OK (413589)
2017-03-16T15:22:04.616252;10.253.79.187;38422ca5a9a244f596cdc155e855f573;[9];OK (171125)
2017-03-16T15:22:05.224615;10.253.242.24;732864fb698046c8a8e6eb0dbee97490;[5];OK (504803)
2017-03-16T15:22:05.767760;10.253.241.21;526904cbaa86409c9dedeb2828d9f238;[3];DOUBLEVOTING (562063)
2017-03-16T15:22:06.381075;10.253.241.21;526904cbaa86409c9dedeb2828d9f238;[3];DOUBLEVOTING (562063)
2017-03-16T15:22:06.839086;10.253.226.93;7b27796aa96340049b27883342ad1a69;[10];OK (625496)
2017-03-16T15:22:07.674740;217.19.208.101;b5787d62b0604262bd2c6e9d44c60723;[7];DOUBLEVOTING (447451)
2017-03-16T15:22:07.685252;10.253.225.226;5f9a31058aa74d76936a95cdd18648d0;[3];OK (246419)
2017-03-16T15:22:08.138079;10.254.26.30;c71de8c9a0e14dbcbdc6533747918f7c;[3];DOUBLEVOTING (815521)
2017-03-16T15:22:08.593257;10.254.31.166;c8f879fe98ca47b0b972f4c92a250312;[1];OK (801401)
2017-03-16T15:22:09.815264;217.19.208.102;4f78c9dcfaa6444ba0f0832db54e9b57;[4];OK (128165)
2017-03-16T15:22:11.036952;10.254.35.161;357f01da9c114bba8863108b2e64ab1f;[3];OK (877100)
2017-03-16T15:22:11.348371;10.253.77.221;93238a6e8f3f42ecbd5f1aa8a2987501;[3];DOUBLEVOTING (432146)
2017-03-16T15:22:11.390962;10.253.23.173;d34987a985db4b7c90a4bcdbd27286dc;[9];OK (576809)
2017-03-16T15:22:11.957377;217.19.208.98;ac0c98744ff54d9e8d70a2a59b65075e;[3];OK (242124)
2017-03-16T15:22:13.495923;10.253.72.150;32a2925b550d46a18f825340c940c5e4;[5];DOUBLEVOTING (629900)
2017-03-16T15:22:13.712085;217.19.208.110;6bf209984f7e42e69ba8a4068709e619;[3];DOUBLEVOTING (794693)
2017-03-16T15:22:15.290918;217.19.208.102;b3b5ff0e6eeb4557a17271b6a7bc6e86;[9];OK (283533)
2017-03-16T15:22:16.484581;217.19.209.163;956d33fd1f924f86894da9aa51d5a04b;[3];DOUBLEVOTING (768873)
2017-03-16T15:22:17.278454;10.253.248.84;15bf0792779a47d5adaf080fae69f673;[1, 2, 3, 6, 7];OK (041394)
2017-03-16T15:22:17.559272;10.253.13.24;e62806f166f645c59b64027012b9d448;[3];DOUBLEVOTING (367184)
2017-03-16T15:22:17.915719;217.19.216.244;b1f148fdf40846358670021070080eb8;[3, 11];OK (555736)
2017-03-16T15:22:18.150086;10.254.17.162;5fd7816469cc49a58cfbe04fffe798bb;[12];NOCODE (459786)
2017-03-16T15:22:19.752727;217.19.216.243;372be73b400e49d396dca89631fcc1e1;[10];OK (648605)
2017-03-16T15:22:20.578477;217.19.209.163;33679480d38f4739be3bbb7c8d7280c2;[3];NOCODE (218008)
2017-03-16T15:22:20.726382;10.253.186.246;ee9d36f27a5b475f97721499dfa7040d;[4, 5, 6, 12];NOCODE (686322)
2017-03-16T15:22:20.959980;10.253.18.106;404648f18b534c669078233b8371ef09;[3];DOUBLEVOTING (316575)
2017-03-16T15:22:21.337525;10.253.77.221;93238a6e8f3f42ecbd5f1aa8a2987501;[3];NOCODE (456253)
2017-03-16T15:22:22.609029;10.254.26.30;c71de8c9a0e14dbcbdc6533747918f7c;[3];NOCODE (825626)
2017-03-16T15:22:24.350865;10.254.36.238;6cadb81565524bdb8e01b7619b63933b;[3];OK (018818)
2017-03-16T15:22:24.488300;10.254.40.73;a9f7ecae1aae4ecd80e362fcab55915a;[2];DOUBLEVOTING (165253)
2017-03-16T15:22:25.008295;10.254.23.235;13a0814f1d864042bf666cbb65f6c520;[3, 5, 9, 10];OK (992245)
2017-03-16T15:22:25.066540;10.253.37.31;91455dad521746fe8f522c902d38200c;[3];DOUBLEVOTING (401292)
2017-03-16T15:22:25.691528;10.254.28.177;f0573a2e94f6435e8cf40f1e7b162c82;[10];OK (569461)
2017-03-16T15:22:26.808018;217.19.208.101;b5787d62b0604262bd2c6e9d44c60723;[7];OK (838541)
2017-03-16T15:22:27.021194;10.253.77.246;bb7df0fe701d4a97b91b568f041035c5;[11];DOUBLEVOTING (711254)
2017-03-16T15:22:27.095961;217.19.208.103;e24c964b30cd4cb6bf77ff9a03faaee7;[3, 9];OK (858132)
2017-03-16T15:22:27.396731;10.253.25.51;e97ff8e6f5ca474bb3ede1ce88e3206b;[6];OK (280334)
2017-03-16T15:22:28.296349;10.254.22.165;5b91033d8a364abdb751f92a4c5aa10b;[3];NOCODE (683831)
2017-03-16T15:22:28.905203;10.253.50.157;b138db89c25844b29eda8f31ef861fb8;[3];OK (914057)
2017-03-16T15:22:29.125555;10.253.241.21;526904cbaa86409c9dedeb2828d9f238;[3];DOUBLEVOTING (562063)
2017-03-16T15:22:30.834280;10.253.37.31;91455dad521746fe8f522c902d38200c;[3];DOUBLEVOTING (401292)
2017-03-16T15:22:31.499112;10.254.31.166;c8f879fe98ca47b0b972f4c92a250312;[1];NOCODE (801402)
2017-03-16T15:22:32.523663;10.253.245.164;bc83306a0acc4aae8aa32feeec3ce924;[10];OK (789154)
2017-03-16T15:22:35.348288;10.253.74.245;9f00a459764f434fa138c092c37357d0;[3];DOUBLEVOTING (098692)
2017-03-16T15:22:35.809678;10.253.19.14;2ae345f359f7452aaa187e64bb87135e;[10];OK (825396)
2017-03-16T15:22:35.946985;217.19.208.103;5cf18def986b4676be7a6c3b6e868bdb;[3];OK (869605)
2017-03-16T15:22:36.066174;10.253.197.222;d6c64e5fdbf842d39120f404775d6157;[11];OK (343093)
2017-03-16T15:22:36.324885;10.254.44.105;46a8e3e711e14fb09f56aa347d9ede56;[3, 10, 12];OK (828649)
2017-03-16T15:22:36.845590;10.253.197.222;d6c64e5fdbf842d39120f404775d6157;[11];DOUBLEVOTING (343093)
2017-03-16T15:22:38.331236;10.254.1.164;fd21e12912664772b93a7e12bb52b129;[9, 10];OK (731404)
2017-03-16T15:22:38.665179;10.253.40.166;7d30704530634368a2eff141db20570a;[3, 5, 10];OK (823638)
2017-03-16T15:22:38.938327;10.253.225.226;5f9a31058aa74d76936a95cdd18648d0;[3];NOCODE (568413)
2017-03-16T15:22:39.122801;10.254.36.163;44b2ed22ebe84ecfbf701b9d17f23bd1;[10];OK (067206)
2017-03-16T15:22:39.574199;10.253.79.187;38422ca5a9a244f596cdc155e855f573;[9];OK (079344)
2017-03-16T15:22:39.898793;10.253.226.93;7b27796aa96340049b27883342ad1a69;[10];NOCODE (625497)
2017-03-16T15:22:39.956680;10.254.37.175;e9a6ff89908d4ed0948a2fc492ae6c02;[2, 11];DOUBLEVOTING (507376)
2017-03-16T15:22:40.985715;217.19.208.98;ac0c98744ff54d9e8d70a2a59b65075e;[3];NOCODE (531327)
2017-03-16T15:22:41.246643;10.253.2.222;7a90245437354f11bbf6ba1c94d78d9f;[1];OK (092534)
2017-03-16T15:22:41.798936;217.19.208.102;4f78c9dcfaa6444ba0f0832db54e9b57;[4];OK (845050)
2017-03-16T15:22:41.886819;10.253.72.112;a3b12dd5a98e442aa6b3f038bd32d4f9;[5];DOUBLEVOTING (425361)
2017-03-16T15:22:42.945782;217.19.208.101;71a5cebe1b82462a9bc245b6c362d126;[3];OK (802600)
2017-03-16T15:22:43.123390;10.253.11.9;c40579ca82f04cb5a8f92a448dd88fa0;[5];NOCODE (10)
2017-03-16T15:22:43.730564;10.253.21.220;eb0796682e014509bd772259749584b2;[5];OK (521048)
2017-03-16T15:22:44.508830;10.253.185.133;fecac6e8969646adb315a9626ab4ff8c;[3];OK (918992)
2017-03-16T15:22:45.263092;10.254.33.211;fe452252bd99404a8bb79cfbaee9bebf;[5];DOUBLEVOTING (587539)
2017-03-16T15:22:46.356800;10.253.186.169;b6845aa88cff43259f17f09205abf455;[3];OK (086774)
2017-03-16T15:22:46.906434;10.253.197.53;44adcd7a14ba4a9997a9a17a2a37ad92;[3];DOUBLEVOTING (154848)
2017-03-16T15:22:47.324001;217.19.209.163;33679480d38f4739be3bbb7c8d7280c2;[3];OK (214008)
2017-03-16T15:22:47.465839;10.253.197.222;d6c64e5fdbf842d39120f404775d6157;[11];DOUBLEVOTING (343093)
2017-03-16T15:22:47.590816;10.254.36.238;6cadb81565524bdb8e01b7619b63933b;[3];DOUBLEVOTING (567818)
2017-03-16T15:22:48.205961;10.253.13.220;e007723b25fe487f804ea8ea7dba7070;[3, 8];OK (865522)
2017-03-16T15:22:48.315407;10.253.74.245;9f00a459764f434fa138c092c37357d0;[3];NOCODE (098691)
2017-03-16T15:22:48.627763;66.102.9.40;5bacd43a412d42718e856912fb8e06a7;[3];OK (382571)
2017-03-16T15:22:49.046871;217.19.208.101;b5787d62b0604262bd2c6e9d44c60723;[7];NOCODE (524861)
2017-03-16T15:22:49.445021;10.253.194.25;f9c55342ef394a74a4ab380a185c9be6;[5];NOCODE (12)
2017-03-16T15:22:49.473945;10.253.243.194;6cb21c63949e4a92a258c82d9d6dba3b;[2, 3];OK (668354)
2017-03-16T15:22:49.904096;10.253.15.248;ceec3fa59c5c489181b22a7c06da83d6;[2, 7, 9, 10, 12];OK (841048)
2017-03-16T15:22:50.717504;10.253.184.157;800556d71d264a7fb1fad349c9b02046;[8];OK (236938)
2017-03-16T15:22:51.080017;10.254.39.40;a3490c53d15845f7b297a960c814ea55;[10];OK (115144)
2017-03-16T15:22:51.096617;10.253.252.209;ba3578c628bb4fb8b746f10bac3e664e;[11];NOCODE (079467)
2017-03-16T15:22:51.340748;217.19.209.163;2e6900c6ac9842fc8a70ebd0905b9b5d;[10];OK (479194)
2017-03-16T15:22:51.474394;10.253.14.50;bece2bc4ea044b54a90f76149ca176d4;[1];OK (805484)
2017-03-16T15:22:51.699817;10.254.42.22;96dea441f22d48e0a70b1fd23abcee4f;[3];DOUBLEVOTING (107350)
2017-03-16T15:22:51.936721;10.254.31.166;c8f879fe98ca47b0b972f4c92a250312;[1];NOCODE (801410)
2017-03-16T15:22:52.317085;10.253.247.122;7f3d1e55931642f2b1bc4fd6acc18db2;[3];OK (551215)
2017-03-16T15:22:52.635996;10.254.42.22;96dea441f22d48e0a70b1fd23abcee4f;[3];DOUBLEVOTING (107350)
2017-03-16T15:22:52.862082;10.253.75.218;bf4e8615774544288bd8b01fae73fcef;[3, 7];NOCODE (559431)
2017-03-16T15:22:53.763696;10.253.184.157;800556d71d264a7fb1fad349c9b02046;[8];DOUBLEVOTING (236938)
2017-03-16T15:22:53.950624;10.253.45.86;f9456298d3d14b5fb6dccda362f1bc72;[3, 9, 12];OK (149723)
2017-03-16T15:22:54.023324;10.253.193.224;056ef9550cfa45cfb9f04e2622de2212;[8];OK (872353)
2017-03-16T15:22:54.116579;10.254.22.16;1dde005e137e48499f91d1044dda373a;[11];DOUBLEVOTING (867259)
2017-03-16T15:22:54.567313;217.19.208.103;487c7a2eab994444b265a944b4a4d9ff;[5, 12];OK (027178)
2017-03-16T15:22:55.629041;10.253.68.99;1ad9bf02257644b49851e42937056900;[3];OK (732727)
2017-03-16T15:22:56.773265;10.254.22.165;5b91033d8a364abdb751f92a4c5aa10b;[3];OK (684831)
2017-03-16T15:22:57.191747;10.253.74.173;df4943c81f41401aba55f53029959e16;[2];OK (906786)
2017-03-16T15:22:57.241569;217.19.208.103;3a9240cffabf464cb5433e957e55e6e1;[3];OK (560665)
2017-03-16T15:22:58.136624;217.19.208.107;c62ec931401547549d0b90bbe899e33e;[1];DOUBLEVOTING (427535)
2017-03-16T15:22:59.530213;10.253.239.254;3649e66dc1e34bb9809d2d052f1ae5ef;[5, 7];OK (587171)
2017-03-16T15:23:01.029685;10.253.69.227;4f02b7e3493c406baed6aebf132af243;[3, 9];OK (249792)
2017-03-16T15:23:01.197286;10.254.43.72;25bfb7690ec144e98c78909e36d0e283;[2, 3, 9];OK (464112)
2017-03-16T15:23:01.342225;10.253.197.222;d6c64e5fdbf842d39120f404775d6157;[11];DOUBLEVOTING (343093)
2017-03-16T15:23:01.758136;217.19.209.163;33679480d38f4739be3bbb7c8d7280c2;[3];DOUBLEVOTING (214008)
2017-03-16T15:23:01.939536;217.19.208.110;6bf209984f7e42e69ba8a4068709e619;[3];DOUBLEVOTING (794693)
2017-03-16T15:23:02.320642;10.253.67.85;8971b85ade61486987e82fdc33fdf919;[11];NOCODE (765049)
2017-03-16T15:23:03.630907;10.253.79.187;38422ca5a9a244f596cdc155e855f573;[9];OK (038328)
2017-03-16T15:23:03.819310;10.253.18.17;d10cc2e1e94e4765a9fcc3431693262e;[8];OK (461200)
2017-03-16T15:23:03.885449;10.254.41.180;39d0b6e3379e4b14853d558fb04d5f4c;[12];OK (788805)
2017-03-16T15:23:03.983075;10.254.33.211;fe452252bd99404a8bb79cfbaee9bebf;[5];NOCODE (685476)
2017-03-16T15:23:04.899752;10.253.25.51;e97ff8e6f5ca474bb3ede1ce88e3206b;[6];OK (181956)
2017-03-16T15:23:05.422841;10.253.248.84;15bf0792779a47d5adaf080fae69f673;[1, 2, 3, 4, 5, 6, 7, 8, 9, 10, 11, 12];NOCODE (041397)
2017-03-16T15:23:06.156393;10.253.5.42;1b69be433bb34a9dba9ab29edb98bfc6;[3];OK (225433)
2017-03-16T15:23:07.004751;217.19.208.103;24ae1e13dd4b412f884155b3490d9b69;[3, 7, 10, 11];OK (976777)
2017-03-16T15:23:07.556558;10.254.29.42;a1d283a43ce644a09ee09d0bf6b10e17;[5];NOCODE (324376)
2017-03-16T15:23:08.735411;217.19.208.109;6a5902f2cabf42cb8c5eaf1c6a2b36d1;[3];DOUBLEVOTING (505984)
2017-03-16T15:23:09.151312;10.253.242.24;732864fb698046c8a8e6eb0dbee97490;[5];OK (456584)
2017-03-16T15:23:09.477049;10.253.197.222;d6c64e5fdbf842d39120f404775d6157;[11];DOUBLEVOTING (343093)
2017-03-16T15:23:10.245910;10.253.71.35;cd783921ed0f4f0c85db86ed90e79241;[3];OK (558732)
2017-03-16T15:23:11.325470;217.19.208.100;e7f7512b16944cb9a102f1569dcf832a;[3];OK (942150)
2017-03-16T15:23:11.580219;10.253.5.42;1b69be433bb34a9dba9ab29edb98bfc6;[3];DOUBLEVOTING (225433)
2017-03-16T15:23:12.616903;10.253.11.9;c40579ca82f04cb5a8f92a448dd88fa0;[5];NOCODE (2010)
2017-03-16T15:23:12.814391;66.102.9.37;5bacd43a412d42718e856912fb8e06a7;[3];DOUBLEVOTING (757266)
2017-03-16T15:23:12.960446;10.253.45.86;c8a34bb6d5b04f148f57d4dd41fb9f7b;[1, 6, 9, 12];OK (987033)
2017-03-16T15:23:13.270096;217.19.208.110;6bf209984f7e42e69ba8a4068709e619;[3];DOUBLEVOTING (794693)
2017-03-16T15:23:13.926925;10.253.68.167;2a5dd72688104a838911a18acb4b0e9f;[4];DOUBLEVOTING (392375)
2017-03-16T15:23:14.130499;217.19.209.163;92047b7e2f9749ffbf782d0dc59a2f6f;[3];OK (850372)
2017-03-16T15:23:14.406061;10.253.17.127;9a4cdf6dfaa246348ba3395aefa1d8d6;[1, 3, 9];OK (637853)
2017-03-16T15:23:14.520125;10.253.72.86;5c6a5a406e754cdb9f9eb4dc676ab4ad;[12];OK (385003)
2017-03-16T15:23:16.186561;10.253.197.222;d6c64e5fdbf842d39120f404775d6157;[11];DOUBLEVOTING (343093)
2017-03-16T15:23:16.523191;10.253.226.93;7b27796aa96340049b27883342ad1a69;[10];NOCODE (372851)
2017-03-16T15:23:17.540594;217.19.208.98;ac0c98744ff54d9e8d70a2a59b65075e;[3];OK (529236)
2017-03-16T15:23:17.743679;217.19.208.102;4f78c9dcfaa6444ba0f0832db54e9b57;[4];OK (752480)
2017-03-16T15:23:19.940292;10.253.184.157;800556d71d264a7fb1fad349c9b02046;[8];DOUBLEVOTING (236938)
2017-03-16T15:23:20.963352;10.253.18.17;d10cc2e1e94e4765a9fcc3431693262e;[8];OK (958476)
2017-03-16T15:23:21.167635;10.253.10.66;d69bfbb9229d4723bea9520ddecb33a0;[9];NOCODE (2571)
2017-03-16T15:23:21.181673;10.254.31.23;39132c000d444b7e8a9637711ee5cd62;[10];OK (321889)
2017-03-16T15:23:21.271639;10.253.194.25;f9c55342ef394a74a4ab380a185c9be6;[5];NOCODE (4684)
2017-03-16T15:23:21.839999;10.254.39.40;a3490c53d15845f7b297a960c814ea55;[10];NOCODE (113145)
2017-03-16T15:23:22.419888;10.253.41.132;de84829ab44d4dcfbc3983c5b4f4b8f0;[9];OK (679029)
2017-03-16T15:23:22.697585;10.253.245.9;4373d1ad826746c0a08e29382ed71cbb;[8];OK (525608)
2017-03-16T15:23:23.830006;10.253.241.21;526904cbaa86409c9dedeb2828d9f238;[3];DOUBLEVOTING (562063)
2017-03-16T15:23:24.301267;10.253.37.31;91455dad521746fe8f522c902d38200c;[3];OK (414875)
2017-03-16T15:23:24.683764;10.253.235.187;eda1fa22c3ce4ed2bc3426f8afdd304f;[8];DOUBLEVOTING (583693)
2017-03-16T15:23:26.401726;66.102.9.40;5bacd43a412d42718e856912fb8e06a7;[3];OK (174068)
2017-03-16T15:23:26.415675;10.253.252.209;ba3578c628bb4fb8b746f10bac3e664e;[11];NOCODE (068257)
2017-03-16T15:23:26.562805;10.253.30.49;b9cf28c8cf5d4c1bbd896c247ddc2d5a;[5];OK (505628)
2017-03-16T15:23:27.153848;10.253.10.91;0b95fdb4394448ad8c8d284a040a44f9;[7];OK (916611)
2017-03-16T15:23:27.435165;10.254.35.161;357f01da9c114bba8863108b2e64ab1f;[3];OK (104218)
2017-03-16T15:23:28.084851;10.253.243.113;568f1e90cb0c4ffb97abfb8c3507eb42;[3, 4];OK (553469)
2017-03-16T15:23:28.899049;10.253.75.218;bf4e8615774544288bd8b01fae73fcef;[3, 7];NOCODE (356121)
2017-03-16T15:23:29.345008;10.253.6.203;0dc1fd7bb1344d5e874ac296ac0e128c;[3];OK (606185)
2017-03-16T15:23:29.957535;10.253.74.173;df4943c81f41401aba55f53029959e16;[2];OK (912468)
2017-03-16T15:23:30.296283;217.19.208.98;a9a6949d9bb6455090d76b6b6e46ff45;[5, 10];OK (494589)
2017-03-16T15:23:30.510768;10.253.73.59;74241498f52346058244eb722dd30af6;[3, 9];OK (077173)
2017-03-16T15:23:31.016833;10.254.37.10;2d121ba6870f45979c29b2ea3bc94529;[3];OK (124702)
2017-03-16T15:23:32.369724;10.253.72.86;5c6a5a406e754cdb9f9eb4dc676ab4ad;[12];DOUBLEVOTING (385003)
2017-03-16T15:23:32.747387;217.19.209.163;33679480d38f4739be3bbb7c8d7280c2;[3];OK (060186)
2017-03-16T15:23:33.750413;10.253.14.50;bece2bc4ea044b54a90f76149ca176d4;[1];OK (114121)
2017-03-16T15:23:33.930301;10.253.50.157;b138db89c25844b29eda8f31ef861fb8;[3];OK (835761)
2017-03-16T15:23:34.181538;217.19.216.243;372be73b400e49d396dca89631fcc1e1;[10];OK (506637)
2017-03-16T15:23:34.233080;217.19.208.98;ac0c98744ff54d9e8d70a2a59b65075e;[3];OK (957327)
2017-03-16T15:23:35.886609;10.253.16.34;59c0e042221545a3850a84d823bf4e1c;[5];OK (447377)
2017-03-16T15:23:35.976160;10.253.79.187;38422ca5a9a244f596cdc155e855f573;[9];OK (921767)
2017-03-16T15:23:35.977218;10.253.37.31;91455dad521746fe8f522c902d38200c;[3];DOUBLEVOTING (401292)
2017-03-16T15:23:35.985911;10.253.50.190;e77f3b9a95b04dbfb8ca0b9b3a9c36f3;[7, 8, 11];OK (994673)
2017-03-16T15:23:36.510416;217.19.208.106;b351e15646494aae9189e716632dbc0a;[4];OK (438976)
2017-03-16T15:23:36.852889;10.253.239.254;3649e66dc1e34bb9809d2d052f1ae5ef;[5];NOCODE (587172)
2017-03-16T15:23:37.573976;10.253.197.222;d6c64e5fdbf842d39120f404775d6157;[11];DOUBLEVOTING (343093)
2017-03-16T15:23:37.841374;10.253.235.187;eda1fa22c3ce4ed2bc3426f8afdd304f;[8];NOCODE (583675)
2017-03-16T15:23:38.537229;217.19.208.109;6a5902f2cabf42cb8c5eaf1c6a2b36d1;[3];NOCODE (137540)
2017-03-16T15:23:38.984383;217.19.208.110;1ef04b705c5c430d996f08db214f8c61;[3, 6];DOUBLEVOTING (921767)
2017-03-16T15:23:40.440455;10.254.41.180;39d0b6e3379e4b14853d558fb04d5f4c;[12];DOUBLEVOTING (788805)
2017-03-16T15:23:41.844307;10.253.71.35;cd783921ed0f4f0c85db86ed90e79241;[9];OK (648673)
2017-03-16T15:23:43.158272;217.19.208.103;3a9240cffabf464cb5433e957e55e6e1;[3];OK (535868)
2017-03-16T15:23:44.514842;10.254.33.223;f2357399e0154639be9591769605539a;[3, 10];OK (039967)
2017-03-16T15:23:44.940534;10.254.23.235;13a0814f1d864042bf666cbb65f6c520;[3, 5, 9, 10];OK (123804)
2017-03-16T15:23:45.502586;10.253.196.63;e5dcd5d921a343bfb24832739d66d037;[9];OK (869021)
2017-03-16T15:23:46.465133;217.19.208.102;4f78c9dcfaa6444ba0f0832db54e9b57;[4];OK (275357)
2017-03-16T15:23:47.261390;217.19.209.163;92047b7e2f9749ffbf782d0dc59a2f6f;[3];DOUBLEVOTING (850372)
2017-03-16T15:23:47.364498;10.253.18.17;d10cc2e1e94e4765a9fcc3431693262e;[8];OK (881101)
2017-03-16T15:23:49.022301;10.253.186.242;c80b6678c2d945ad818f7e391cbf5dea;[7];OK (272328)
2017-03-16T15:23:49.857228;10.254.31.23;39132c000d444b7e8a9637711ee5cd62;[10];OK (481161)
2017-03-16T15:23:50.237521;10.253.245.9;4373d1ad826746c0a08e29382ed71cbb;[8];DOUBLEVOTING (525608)
2017-03-16T15:23:51.186882;10.254.36.238;6cadb81565524bdb8e01b7619b63933b;[3];DOUBLEVOTING (018818)
2017-03-16T15:23:51.359046;10.254.36.163;44b2ed22ebe84ecfbf701b9d17f23bd1;[7];OK (257318)
2017-03-16T15:23:51.870804;10.253.75.218;bf4e8615774544288bd8b01fae73fcef;[3, 7];NOCODE (354336)
2017-03-16T15:23:51.965980;10.253.185.83;8c876fabf49c4373b0ffd28dd37ec19d;[7];OK (258760)
2017-03-16T15:23:52.314088;217.19.216.245;9e57a5e069ce48cca5d973e5ffe273f9;[3];OK (423860)
2017-03-16T15:23:53.517404;217.19.208.103;24ae1e13dd4b412f884155b3490d9b69;[10];OK (504553)
2017-03-16T15:23:53.541748;10.253.197.222;d6c64e5fdbf842d39120f404775d6157;[11];DOUBLEVOTING (343093)
2017-03-16T15:23:53.950928;10.254.37.10;2d121ba6870f45979c29b2ea3bc94529;[3];DOUBLEVOTING (124702)
2017-03-16T15:23:54.823554;217.19.208.99;027e482dd9d0472f8b619a9eb7ca5961;[4, 5];OK (871344)
2017-03-16T15:23:55.002209;217.19.208.102;cde59d40ab84456c91bbab05f5554a68;[5];OK (378794)
2017-03-16T15:23:55.039786;10.253.65.218;c35993b5613d4ebb95f37ee7e7e2364c;[9];OK (608526)
2017-03-16T15:23:55.384850;10.253.79.187;38422ca5a9a244f596cdc155e855f573;[9];NOCODE (250678)
2017-03-16T15:23:57.151448;217.19.208.108;305a6e77beeb40efa7df48a211ed94f8;[7];OK (237425)
2017-03-16T15:23:57.881010;10.253.31.149;d40a02e6e0a04c09a369690b96b0b8cd;[2];DOUBLEVOTING (912468)
2017-03-16T15:23:59.324071;10.253.252.209;ba3578c628bb4fb8b746f10bac3e664e;[11];NOCODE (036062)
2017-03-16T15:23:59.694506;10.253.190.44;472ad60c7c9c4d48a4256a36ddbc0bae;[10];OK (465758)
2017-03-16T15:23:59.958197;10.253.242.24;732864fb698046c8a8e6eb0dbee97490;[5];NOCODE (446584)
2017-03-16T15:23:59.990019;10.253.72.86;5c6a5a406e754cdb9f9eb4dc676ab4ad;[12];OK (591124)
2017-03-16T15:24:00.187461;217.19.208.98;a9a6949d9bb6455090d76b6b6e46ff45;[5];DOUBLEVOTING (494589)
2017-03-16T15:24:01.754445;217.19.209.163;33679480d38f4739be3bbb7c8d7280c2;[3];DOUBLEVOTING (060186)
2017-03-16T15:24:01.986806;10.253.241.137;3b9505d18ecd4a098d1d7af63ad59eee;[1, 5, 7];OK (647814)
2017-03-16T15:24:03.065484;10.253.18.106;404648f18b534c669078233b8371ef09;[3];OK (214353)
2017-03-16T15:24:04.285729;217.19.208.102;4c6c32f7d4124caba77d0121950b6e9b;[7];OK (011400)
2017-03-16T15:24:04.599911;217.19.209.163;ab402b99cff34312a134e63efc52644f;[3];OK (750311)
2017-03-16T15:24:05.673586;10.254.19.140;c65057daf2f1452289fa53fa5d32eda9;[3];NOCODE (653289)
2017-03-16T15:24:08.354827;10.254.22.165;5b91033d8a364abdb751f92a4c5aa10b;[3];DOUBLEVOTING (684831)
2017-03-16T15:24:09.194100;10.254.43.72;25bfb7690ec144e98c78909e36d0e283;[2, 9];OK (559916)
2017-03-16T15:24:10.159569;217.19.216.243;372be73b400e49d396dca89631fcc1e1;[10];NOCODE (506737)
2017-03-16T15:24:10.594539;10.253.73.59;74241498f52346058244eb722dd30af6;[9];OK (582650)
2017-03-16T15:24:12.707370;10.253.37.31;91455dad521746fe8f522c902d38200c;[3];DOUBLEVOTING (401292)
2017-03-16T15:24:13.831383;10.254.29.156;3e2badbff73e46f796ab5d1e2283c50b;[5];OK (774159)
2017-03-16T15:24:13.952566;10.253.238.49;24e02018a10a4f29a2203b98b79e61a4;[3];OK (719707)
2017-03-16T15:24:14.589683;10.254.44.64;c08722907bc546159f7a28b03ab441e9;[7];OK (856002)
2017-03-16T15:24:15.242070;217.19.208.102;4f78c9dcfaa6444ba0f0832db54e9b57;[4];OK (740343)
2017-03-16T15:24:15.811364;10.254.23.242;54b233fad51542028274eead288c756f;[2];OK (086466)
2017-03-16T15:24:16.518277;217.19.208.103;cc95077dcbf14449b65664947b13114e;[3];OK (662817)
2017-03-16T15:24:16.765923;10.253.18.17;d10cc2e1e94e4765a9fcc3431693262e;[8];OK (921029)
2017-03-16T15:24:17.938910;10.254.39.47;7202017857a84945bb592472cc662fb0;[8];OK (167431)
2017-03-16T15:24:18.332163;10.253.13.24;e62806f166f645c59b64027012b9d448;[3];OK (948407)
2017-03-16T15:24:18.560267;10.253.248.13;0983db875c89440bb008c962f091548b;[11];OK (886069)
2017-03-16T15:24:20.217650;10.253.243.80;67714d789cf04d5db57f371be0be18e1;[7];OK (316291)
2017-03-16T15:24:20.738698;217.19.208.103;e24c964b30cd4cb6bf77ff9a03faaee7;[9, 10];OK (680119)
2017-03-16T15:24:20.839506;10.253.6.203;0dc1fd7bb1344d5e874ac296ac0e128c;[3];OK (153857)
2017-03-16T15:24:22.618996;10.253.17.127;9a4cdf6dfaa246348ba3395aefa1d8d6;[1, 3, 6];OK (068490)
2017-03-16T15:24:23.412407;10.253.10.66;d69bfbb9229d4723bea9520ddecb33a0;[9];OK (257187)
2017-03-16T15:24:23.614748;217.19.208.99;5bacd43a412d42718e856912fb8e06a7;[10];DOUBLEVOTING (757266)
2017-03-16T15:24:25.510970;217.19.209.163;33679480d38f4739be3bbb7c8d7280c2;[3];NOCODE (228567)
2017-03-16T15:24:26.467417;217.19.208.102;39ff70c2311349d1973eedc7336c0784;[7];OK (409855)
2017-03-16T15:24:26.550040;10.253.226.93;7b27796aa96340049b27883342ad1a69;[10];NOCODE (672831)
2017-03-16T15:24:26.671044;10.253.252.209;ba3578c628bb4fb8b746f10bac3e664e;[11];NOCODE (026490)
2017-03-16T15:24:26.710855;10.253.27.120;84bcfdcf0d9d48c8b093cca0cfb0f144;[3, 7, 9];OK (186529)
2017-03-16T15:24:27.063786;10.253.238.122;8ffb1c5cf13b486c9e8ee86f9c6ed860;[3];OK (388968)
2017-03-16T15:24:27.894332;217.19.209.163;92047b7e2f9749ffbf782d0dc59a2f6f;[3];DOUBLEVOTING (850372)
2017-03-16T15:24:28.057235;10.254.36.163;44b2ed22ebe84ecfbf701b9d17f23bd1;[10];NOCODE (074636)
2017-03-16T15:24:29.380335;10.253.190.30;fb0ee287baa84156b0e88342ef87b760;[3, 7, 9, 10];OK (021131)
2017-03-16T15:24:29.833397;10.253.37.31;91455dad521746fe8f522c902d38200c;[3];NOCODE (414876)
2017-03-16T15:24:30.213505;10.253.193.25;32964390cc224810a137a414b23d54a3;[2, 6, 9, 12];OK (292583)
2017-03-16T15:24:31.082164;10.253.41.132;de84829ab44d4dcfbc3983c5b4f4b8f0;[9];DOUBLEVOTING (679029)
2017-03-16T15:24:31.188380;217.19.216.243;372be73b400e49d396dca89631fcc1e1;[10];DOUBLEVOTING (506637)
2017-03-16T15:24:31.424805;217.19.209.163;2e6900c6ac9842fc8a70ebd0905b9b5d;[10];OK (887529)
2017-03-16T15:24:31.768681;10.253.31.131;d68e78251e4345fda853e2025d2d987e;[3, 7];NOCODE (354435)
2017-03-16T15:24:32.543254;10.253.242.24;732864fb698046c8a8e6eb0dbee97490;[5];DOUBLEVOTING (456584)
2017-03-16T15:24:32.688817;10.253.65.218;c35993b5613d4ebb95f37ee7e7e2364c;[9];DOUBLEVOTING (608526)
2017-03-16T15:24:33.365304;10.253.50.190;e77f3b9a95b04dbfb8ca0b9b3a9c36f3;[8, 11];OK (452026)
2017-03-16T15:24:33.513836;10.253.25.85;f362ca7ab0f14104953d612aaa412826;[8];DOUBLEVOTING (731335)
2017-03-16T15:24:33.867439;10.253.190.44;472ad60c7c9c4d48a4256a36ddbc0bae;[10];DOUBLEVOTING (465758)
2017-03-16T15:24:35.604680;217.19.208.98;ac0c98744ff54d9e8d70a2a59b65075e;[3];NOCODE (465756)
2017-03-16T15:24:37.562651;10.253.238.49;24e02018a10a4f29a2203b98b79e61a4;[6];DOUBLEVOTING (719707)
2017-03-16T15:24:37.586927;10.253.73.59;74241498f52346058244eb722dd30af6;[9];OK (757327)
2017-03-16T15:24:37.936781;217.19.208.102;4f78c9dcfaa6444ba0f0832db54e9b57;[4];OK (801885)
2017-03-16T15:24:39.092762;10.253.198.188;6bf209984f7e42e69ba8a4068709e619;[3];DOUBLEVOTING (794693)
2017-03-16T15:24:39.791791;10.253.71.86;156c277752b44d01985287b96dd75b9e;[3, 5, 7];OK (350295)
2017-03-16T15:24:40.507093;10.253.0.239;7cc5576a418b4eccbe25c2107459ef91;[10];OK (129273)
2017-03-16T15:24:42.020770;10.254.36.238;6cadb81565524bdb8e01b7619b63933b;[3];DOUBLEVOTING (567818)
2017-03-16T15:24:43.230034;10.253.190.44;472ad60c7c9c4d48a4256a36ddbc0bae;[10];DOUBLEVOTING (465758)
2017-03-16T15:24:43.652582;10.254.35.161;357f01da9c114bba8863108b2e64ab1f;[3];DOUBLEVOTING (914057)
2017-03-16T15:24:43.746282;10.253.245.9;4373d1ad826746c0a08e29382ed71cbb;[8, 10];DOUBLEVOTING (525608)
2017-03-16T15:24:44.660362;10.253.19.14;8ce551df113549b9ae2b1b2787de2131;[10];OK (450542)
2017-03-16T15:24:46.252658;10.254.31.23;39132c000d444b7e8a9637711ee5cd62;[3, 4];OK (802406)
2017-03-16T15:24:47.094205;10.253.18.106;404648f18b534c669078233b8371ef09;[3];OK (769501)
2017-03-16T15:24:47.315477;10.254.17.162;5fd7816469cc49a58cfbe04fffe798bb;[12];NOCODE (519634)
2017-03-16T15:24:47.323413;10.253.189.3;668dcb1d391e4e4fb7ef1d87b82a3277;[7, 11];OK (533322)
2017-03-16T15:24:47.833119;10.253.26.71;425357e6ae3e44c28edecd2a1e0c79c7;[3, 6, 9];OK (637297)
2017-03-16T15:24:49.278339;10.253.74.157;7e7eb885a1924e4ebeadbcfbfeaefd8b;[3];OK (265994)
2017-03-16T15:24:50.977457;217.19.208.101;b5787d62b0604262bd2c6e9d44c60723;[3];DOUBLEVOTING (447451)
2017-03-16T15:24:56.211723;217.19.208.102;d42a4b3609c0486f94acf77809103031;[5];OK (653188)
2017-03-16T15:24:57.476972;217.19.208.102;4f78c9dcfaa6444ba0f0832db54e9b57;[4];OK (865559)
2017-03-16T15:24:58.108625;10.254.36.163;44b2ed22ebe84ecfbf701b9d17f23bd1;[10];NOCODE (670206)
2017-03-16T15:24:59.286531;10.253.77.197;d4d1dbf08e74489e80a59fe9d522a588;[3];OK (868806)
2017-03-16T15:25:00.286109;217.19.208.106;b351e15646494aae9189e716632dbc0a;[4];OK (814565)
2017-03-16T15:25:01.256864;217.19.208.98;0fce53ba26d8499aaf166e8198d03e47;[3, 6, 8];OK (083810)
2017-03-16T15:25:01.505904;217.19.208.98;0fce53ba26d8499aaf166e8198d03e47;[3, 6, 8];DOUBLEVOTING (083810)
2017-03-16T15:25:02.713211;10.253.252.209;ba3578c628bb4fb8b746f10bac3e664e;[11];NOCODE (620461)
2017-03-16T15:25:02.895284;10.253.241.21;526904cbaa86409c9dedeb2828d9f238;[3];OK (635624)
2017-03-16T15:25:05.202813;10.253.13.24;e62806f166f645c59b64027012b9d448;[3];OK (231783)
2017-03-16T15:25:05.480654;10.254.40.147;5cf18def986b4676be7a6c3b6e868bdb;[3];DOUBLEVOTING (869605)
2017-03-16T15:25:06.447378;10.253.66.168;cc8096b0e25347af86610574529d1e90;[12];OK (793036)
2017-03-16T15:25:06.820613;10.254.27.132;3b1048ad95f344de9e385d6b6183b45f;[7];OK (187172)
2017-03-16T15:25:06.869376;10.253.66.168;cc8096b0e25347af86610574529d1e90;[12];DOUBLEVOTING (793036)
2017-03-16T15:25:07.227659;10.254.27.132;3b1048ad95f344de9e385d6b6183b45f;[7];DOUBLEVOTING (187172)
2017-03-16T15:25:07.292782;10.253.66.168;cc8096b0e25347af86610574529d1e90;[12];DOUBLEVOTING (793036)
2017-03-16T15:25:08.251059;10.253.14.16;d7243037933642f3b5ca7d0e42331e58;[5, 9, 12];OK (689997)
2017-03-16T15:25:08.359192;217.19.209.163;e6a747ae8786420db4179fe149ded2aa;[4];OK (618120)
2017-03-16T15:25:08.600026;10.253.190.44;472ad60c7c9c4d48a4256a36ddbc0bae;[4];DOUBLEVOTING (465758)
2017-03-16T15:25:08.616686;10.254.22.165;0899c15c59e644a0921b726f15ac9fd0;[3];OK (199036)
2017-03-16T15:25:08.692258;10.253.14.50;bece2bc4ea044b54a90f76149ca176d4;[1];OK (346205)
2017-03-16T15:25:11.350084;10.254.22.165;0899c15c59e644a0921b726f15ac9fd0;[3];DOUBLEVOTING (199036)
2017-03-16T15:25:12.532433;10.253.1.36;d2b1e008473a4780b0c5b4c803e32aca;[12];OK (413533)
2017-03-16T15:25:12.704170;10.253.190.44;472ad60c7c9c4d48a4256a36ddbc0bae;[4];DOUBLEVOTING (465758)
2017-03-16T15:25:13.788311;10.254.22.165;5b91033d8a364abdb751f92a4c5aa10b;[3];OK (869524)
2017-03-16T15:25:14.114407;10.253.198.188;6bf209984f7e42e69ba8a4068709e619;[3];DOUBLEVOTING (794693)
2017-03-16T15:25:14.146863;217.19.216.243;372be73b400e49d396dca89631fcc1e1;[10];NOCODE (607741)
2017-03-16T15:25:14.331286;10.253.26.28;1888247ce40c47e4b8c48f2c8f8b397b;[12];OK (463075)
2017-03-16T15:25:15.394617;10.253.77.205;e7e9bac2731141fbbcf119b75c1de167;[12];OK (700810)
2017-03-16T15:25:18.953717;10.253.10.48;ba580699f42d4d8881a393a59e3a242a;[5, 10];NOCODE (776945)
2017-03-16T15:25:19.141834;217.19.208.102;4f78c9dcfaa6444ba0f0832db54e9b57;[4];OK (640345)
2017-03-16T15:25:20.119344;10.253.190.44;472ad60c7c9c4d48a4256a36ddbc0bae;[4];DOUBLEVOTING (465758)
2017-03-16T15:25:21.144367;217.19.209.163;33679480d38f4739be3bbb7c8d7280c2;[3];NOCODE (228567)
2017-03-16T15:25:21.724578;217.19.209.163;ab402b99cff34312a134e63efc52644f;[3];DOUBLEVOTING (750311)
2017-03-16T15:25:21.901942;10.253.16.34;59c0e042221545a3850a84d823bf4e1c;[5];DOUBLEVOTING (214353)
2017-03-16T15:25:22.981687;10.254.27.132;3b1048ad95f344de9e385d6b6183b45f;[7];DOUBLEVOTING (187172)
2017-03-16T15:25:23.232450;217.19.208.106;b351e15646494aae9189e716632dbc0a;[4];OK (593476)
2017-03-16T15:25:25.166426;217.19.208.103;3a9240cffabf464cb5433e957e55e6e1;[3];OK (974233)
2017-03-16T15:25:26.324554;10.253.16.34;59c0e042221545a3850a84d823bf4e1c;[5];DOUBLEVOTING (214353)
2017-03-16T15:25:27.062893;10.253.16.34;59c0e042221545a3850a84d823bf4e1c;[5];DOUBLEVOTING (214353)
2017-03-16T15:25:27.464156;10.253.241.137;3b9505d18ecd4a098d1d7af63ad59eee;[1, 5, 7, 8];OK (260553)
2017-03-16T15:25:27.546795;10.253.45.86;c8a34bb6d5b04f148f57d4dd41fb9f7b;[6, 12];DOUBLEVOTING (689997)
2017-03-16T15:25:27.867888;10.254.33.223;f2357399e0154639be9591769605539a;[10];OK (191254)
2017-03-16T15:25:28.517330;217.19.208.103;cc95077dcbf14449b65664947b13114e;[3];DOUBLEVOTING (662817)
2017-03-16T15:25:28.898128;10.254.19.211;cd783921ed0f4f0c85db86ed90e79241;[5, 9, 12];DOUBLEVOTING (558732)
2017-03-16T15:25:29.548577;10.253.14.50;bece2bc4ea044b54a90f76149ca176d4;[1];OK (797959)
2017-03-16T15:25:30.565113;10.253.16.34;59c0e042221545a3850a84d823bf4e1c;[5];DOUBLEVOTING (214353)
2017-03-16T15:25:30.880102;10.253.190.44;472ad60c7c9c4d48a4256a36ddbc0bae;[4];DOUBLEVOTING (465758)
2017-03-16T15:25:31.210497;10.253.193.25;32964390cc224810a137a414b23d54a3;[2, 6, 9, 12];DOUBLEVOTING (292583)
2017-03-16T15:25:31.891345;10.253.26.71;425357e6ae3e44c28edecd2a1e0c79c7;[10];DOUBLEVOTING (637297)
2017-03-16T15:25:33.308301;10.253.26.71;425357e6ae3e44c28edecd2a1e0c79c7;[10];DOUBLEVOTING (637297)
2017-03-16T15:25:33.398801;10.253.73.142;ce6bff6358d44599bdc4e567854b6d59;[2, 3, 10];OK (276957)
2017-03-16T15:25:34.260057;10.253.66.27;645a6527634e44d7a6076a4f9814220b;[7];OK (821535)
2017-03-16T15:25:34.725855;10.253.245.109;138d53c862fa4799b2b071bfb5544738;[4, 10];OK (270680)
2017-03-16T15:25:34.893470;10.253.13.248;4eac49ac7ace4006bb32ef7cd9c095f7;[3, 6];OK (559548)
2017-03-16T15:25:35.037591;10.254.22.165;5b91033d8a364abdb751f92a4c5aa10b;[3];DOUBLEVOTING (635624)
2017-03-16T15:25:35.565940;10.253.73.142;ce6bff6358d44599bdc4e567854b6d59;[2, 3, 10];DOUBLEVOTING (276957)
2017-03-16T15:25:35.924477;10.253.77.205;e7e9bac2731141fbbcf119b75c1de167;[12];NOCODE (700811)
2017-03-16T15:25:36.283708;10.253.245.109;138d53c862fa4799b2b071bfb5544738;[4, 10];DOUBLEVOTING (270680)
2017-03-16T15:25:36.736910;217.19.208.105;d5f66836fb684b83bcf33cb096e936ee;[10];OK (034763)
2017-03-16T15:25:37.827519;10.253.197.221;fc84d4c96f4d4809ae55a94670efad3d;[8];OK (071839)
2017-03-16T15:25:40.323634;10.253.27.120;84bcfdcf0d9d48c8b093cca0cfb0f144;[10];DOUBLEVOTING (186529)
2017-03-16T15:25:40.539465;217.19.208.102;4f78c9dcfaa6444ba0f0832db54e9b57;[4];OK (459934)
2017-03-16T15:25:41.368416;10.253.18.106;404648f18b534c669078233b8371ef09;[3];OK (611751)
2017-03-16T15:25:42.078800;217.19.209.163;e6a747ae8786420db4179fe149ded2aa;[4];OK (901875)
2017-03-16T15:25:43.951596;10.253.26.71;425357e6ae3e44c28edecd2a1e0c79c7;[10];DOUBLEVOTING (637297)
2017-03-16T15:25:44.029559;10.253.194.25;f9c55342ef394a74a4ab380a185c9be6;[5];DOUBLEVOTING (815906)
2017-03-16T15:25:44.054989;10.253.26.28;1888247ce40c47e4b8c48f2c8f8b397b;[12];OK (747778)
2017-03-16T15:25:44.137878;10.253.14.50;bece2bc4ea044b54a90f76149ca176d4;[1];OK (717943)
2017-03-16T15:25:45.090629;10.253.16.34;59c0e042221545a3850a84d823bf4e1c;[5];NOCODE (645221)
2017-03-16T15:25:45.191821;10.253.25.85;f362ca7ab0f14104953d612aaa412826;[8];DOUBLEVOTING (608526)
2017-03-16T15:25:45.192316;10.254.22.165;5b91033d8a364abdb751f92a4c5aa10b;[3];DOUBLEVOTING (635624)
2017-03-16T15:25:45.579345;10.254.17.162;5fd7816469cc49a58cfbe04fffe798bb;[12];DOUBLEVOTING (466378)
2017-03-16T15:25:45.829647;10.253.252.209;ba3578c628bb4fb8b746f10bac3e664e;[11];IPBAN (926205)
2017-03-16T15:25:48.672596;10.253.37.31;91455dad521746fe8f522c902d38200c;[3];DOUBLEVOTING (401292)
2017-03-16T15:25:50.590348;10.253.190.44;472ad60c7c9c4d48a4256a36ddbc0bae;[4];DOUBLEVOTING (465758)
2017-03-16T15:25:52.402299;10.253.198.188;6bf209984f7e42e69ba8a4068709e619;[3];DOUBLEVOTING (794693)
2017-03-16T15:25:53.607127;10.253.66.168;cc8096b0e25347af86610574529d1e90;[12];OK (010779)
2017-03-16T15:25:54.044561;10.253.241.21;526904cbaa86409c9dedeb2828d9f238;[3];DOUBLEVOTING (697885)
2017-03-16T15:25:54.249406;10.253.198.188;6bf209984f7e42e69ba8a4068709e619;[3];DOUBLEVOTING (794693)
2017-03-16T15:25:54.886634;10.253.18.17;d10cc2e1e94e4765a9fcc3431693262e;[8];DOUBLEVOTING (921029)
2017-03-16T15:25:55.865570;10.254.22.165;5b91033d8a364abdb751f92a4c5aa10b;[3];DOUBLEVOTING (199036)
2017-03-16T15:25:58.102740;10.254.20.73;e83706a3054646d5bd35d854c8f3f1ef;[1, 3, 9];OK (291655)
2017-03-16T15:25:58.443490;10.253.66.168;cc8096b0e25347af86610574529d1e90;[12];DOUBLEVOTING (010779)
2017-03-16T15:25:59.521279;217.19.208.103;3a9240cffabf464cb5433e957e55e6e1;[3];OK (556678)
2017-03-16T15:26:00.384624;10.253.71.86;156c277752b44d01985287b96dd75b9e;[5, 7];OK (667821)
2017-03-16T15:26:01.267331;217.19.209.163;33679480d38f4739be3bbb7c8d7280c2;[6, 8];DOUBLEVOTING (060186)
2017-03-16T15:26:01.837730;217.19.208.105;d5f66836fb684b83bcf33cb096e936ee;[10];DOUBLEVOTING (034763)
2017-03-16T15:26:02.836722;10.253.245.109;138d53c862fa4799b2b071bfb5544738;[4, 10];DOUBLEVOTING (270680)
2017-03-16T15:26:03.173421;217.19.208.102;4f78c9dcfaa6444ba0f0832db54e9b57;[4];OK (658523)
2017-03-16T15:26:03.441000;217.19.208.104;cc5438baeb2647458f5dbb18419a4c85;[6];OK (490723)
2017-03-16T15:26:03.472764;10.253.192.240;83451828369d46c995d378e47c3b56fa;[3, 4, 5, 7];OK (624474)
2017-03-16T15:26:04.186138;10.253.26.28;1888247ce40c47e4b8c48f2c8f8b397b;[12];OK (612996)
2017-03-16T15:26:06.637505;217.19.209.163;e6a747ae8786420db4179fe149ded2aa;[4];OK (794029)
2017-03-16T15:26:11.471412;10.253.13.248;4eac49ac7ace4006bb32ef7cd9c095f7;[3, 6, 9];OK (217205)
2017-03-16T15:26:13.161111;10.253.14.50;bece2bc4ea044b54a90f76149ca176d4;[1];OK (050097)
2017-03-16T15:26:14.126263;10.253.249.251;13e1e8d1d36743dca7b0f5181543203c;[3, 4, 5, 9, 10, 11];OK (487314)
2017-03-16T15:26:15.175889;10.254.31.135;f0587326dabd4207ae1b74b1d03c7c6a;[6, 7, 10];OK (592824)
2017-03-16T15:26:15.216929;10.253.197.221;fc84d4c96f4d4809ae55a94670efad3d;[8];OK (766192)
2017-03-16T15:26:16.492559;10.254.22.165;5b91033d8a364abdb751f92a4c5aa10b;[3];DOUBLEVOTING (199036)
2017-03-16T15:26:16.785851;10.254.33.223;f2357399e0154639be9591769605539a;[2, 3];DOUBLEVOTING (191254)
2017-03-16T15:26:16.989891;10.253.68.28;eb0c21e304df4e1ab91161380f50dd07;[5, 10];OK (734386)
2017-03-16T15:26:21.837817;10.253.66.168;cc8096b0e25347af86610574529d1e90;[12];OK (810097)
2017-03-16T15:26:26.997592;10.253.26.28;1888247ce40c47e4b8c48f2c8f8b397b;[12];OK (332961)
2017-03-16T15:26:27.103701;10.253.30.49;b9cf28c8cf5d4c1bbd896c247ddc2d5a;[3, 8, 10];OK (599796)
2017-03-16T15:26:27.259968;10.254.22.165;0899c15c59e644a0921b726f15ac9fd0;[3];DOUBLEVOTING (635624)
2017-03-16T15:26:27.837957;10.253.245.109;138d53c862fa4799b2b071bfb5544738;[4, 10];OK (591455)
2017-03-16T15:26:29.253095;10.253.66.27;645a6527634e44d7a6076a4f9814220b;[7];OK (135545)
2017-03-16T15:26:29.728352;10.253.66.27;645a6527634e44d7a6076a4f9814220b;[7];DOUBLEVOTING (135545)
2017-03-16T15:26:30.070195;10.253.14.50;bece2bc4ea044b54a90f76149ca176d4;[1];OK (737377)
2017-03-16T15:26:30.723787;10.253.232.154;14dad9b7a7a84baaa98c63ff30132c09;[11];OK (133872)
2017-03-16T15:26:33.052457;10.253.77.205;e7e9bac2731141fbbcf119b75c1de167;[12];OK (407705)
2017-03-16T15:26:33.401264;10.253.241.21;526904cbaa86409c9dedeb2828d9f238;[3];DOUBLEVOTING (232761)
2017-03-16T15:26:33.603501;10.253.65.218;c35993b5613d4ebb95f37ee7e7e2364c;[3];DOUBLEVOTING (608526)
2017-03-16T15:26:34.079585;10.254.24.54;ac3cebf936944051a4ad44217af536f3;[3, 9, 10];OK (209712)
2017-03-16T15:26:34.246849;10.254.36.74;9d5483075cd24b26a60b3f2020a36ce3;[3];OK (842098)
2017-03-16T15:26:35.392863;10.254.22.165;5b91033d8a364abdb751f92a4c5aa10b;[3];DOUBLEVOTING (562063)
2017-03-16T15:26:36.310840;217.19.209.163;e6a747ae8786420db4179fe149ded2aa;[4];OK (136935)
2017-03-16T15:26:40.451412;10.254.33.223;f2357399e0154639be9591769605539a;[2, 3];DOUBLEVOTING (039967)
2017-03-16T15:26:45.018384;10.253.66.168;cc8096b0e25347af86610574529d1e90;[12];DOUBLEVOTING (810097)
2017-03-16T15:26:49.947693;10.254.22.165;5b91033d8a364abdb751f92a4c5aa10b;[3];DOUBLEVOTING (060360)
2017-03-16T15:26:50.071068;10.253.245.109;138d53c862fa4799b2b071bfb5544738;[4, 10];DOUBLEVOTING (591455)
2017-03-16T15:26:53.242977;217.19.208.103;943e7222860f436d975fdbf7990c8752;[4];NOCODE (150962)
2017-03-16T15:26:55.544067;10.253.77.205;e7e9bac2731141fbbcf119b75c1de167;[12];DOUBLEVOTING (700810)
2017-03-16T15:26:57.823057;10.253.14.50;bece2bc4ea044b54a90f76149ca176d4;[1];OK (958039)
2017-03-16T15:27:00.655112;10.253.66.27;645a6527634e44d7a6076a4f9814220b;[7];OK (563419)
2017-03-16T15:27:01.906313;10.253.241.21;526904cbaa86409c9dedeb2828d9f238;[3];DOUBLEVOTING (850372)
2017-03-16T15:27:05.851641;10.254.22.165;5b91033d8a364abdb751f92a4c5aa10b;[3];DOUBLEVOTING (060360)
2017-03-16T15:27:05.933511;10.253.248.13;0983db875c89440bb008c962f091548b;[11];DOUBLEVOTING (940794)
2017-03-16T15:27:14.036416;10.253.185.83;8c876fabf49c4373b0ffd28dd37ec19d;[7];OK (782098)
2017-03-16T15:27:14.212542;10.253.30.245;c9acb57a1e1648ef9f7b2fd2b6e35095;[6, 9];OK (608227)
2017-03-16T15:27:15.077363;10.253.76.69;72a0d612d48e4cb381409f1b7dc1fda2;[9];OK (695507)
2017-03-16T15:27:20.154776;10.253.14.50;bece2bc4ea044b54a90f76149ca176d4;[1];OK (694741)
2017-03-16T15:27:20.350453;10.253.198.188;6bf209984f7e42e69ba8a4068709e619;[3];DOUBLEVOTING (794693)
2017-03-16T15:27:21.233239;10.254.33.223;f2357399e0154639be9591769605539a;[2];DOUBLEVOTING (039967)
2017-03-16T15:27:21.417823;10.253.198.188;6bf209984f7e42e69ba8a4068709e619;[3];DOUBLEVOTING (794693)
2017-03-16T15:27:25.183974;10.254.46.57;17c17e01f519456295d5a99a3d03347d;[6];OK (010101)
2017-03-16T15:27:28.938504;10.253.186.143;c00e6b5f223e43739323679db73849c8;[6];DOUBLEVOTING (034460)
2017-03-16T15:27:35.029973;217.19.208.103;3a9240cffabf464cb5433e957e55e6e1;[3];OK (595848)
2017-03-16T15:27:38.364303;10.253.225.20;fc91eb4615324dfca8d8308b6ed88fe5;[7, 9, 11];OK (445242)
2017-03-16T15:27:38.659641;10.253.192.240;83451828369d46c995d378e47c3b56fa;[3, 4, 5, 7];OK (696677)
2017-03-16T15:27:39.020149;10.253.232.154;14dad9b7a7a84baaa98c63ff30132c09;[3, 5, 11];OK (608958)
2017-03-16T15:27:40.280163;10.253.232.154;14dad9b7a7a84baaa98c63ff30132c09;[3, 5, 11];DOUBLEVOTING (608958)
2017-03-16T15:27:40.646224;10.253.232.154;14dad9b7a7a84baaa98c63ff30132c09;[3, 5, 11];DOUBLEVOTING (608958)
2017-03-16T15:27:40.672146;10.253.14.50;bece2bc4ea044b54a90f76149ca176d4;[1];OK (728245)
2017-03-16T15:27:48.916767;217.19.208.98;0fce53ba26d8499aaf166e8198d03e47;[10, 12];OK (423613)
2017-03-16T15:27:49.387613;10.254.36.74;9d5483075cd24b26a60b3f2020a36ce3;[3];DOUBLEVOTING (842098)
2017-03-16T15:27:51.769446;10.254.46.57;17c17e01f519456295d5a99a3d03347d;[6];DOUBLEVOTING (010101)
2017-03-16T15:27:58.070700;10.253.14.50;bece2bc4ea044b54a90f76149ca176d4;[1];OK (987161)
2017-03-16T15:28:09.836254;10.253.185.83;8c876fabf49c4373b0ffd28dd37ec19d;[7];DOUBLEVOTING (258760)
2017-03-16T15:28:11.226519;217.19.208.101;51e477a8e12f42deade392e87d458210;[3];OK (319392)
2017-03-16T15:28:17.877683;10.253.249.23;78816d1713594226a3245576833120c6;[9];OK (918973)
2017-03-16T15:28:23.242657;10.253.18.106;404648f18b534c669078233b8371ef09;[3];NOCODE (611974)
2017-03-16T15:28:32.983930;10.253.14.50;bece2bc4ea044b54a90f76149ca176d4;[1];NOCODE (656872)
2017-03-16T15:28:34.864773;10.253.66.27;645a6527634e44d7a6076a4f9814220b;[7];OK (519992)
2017-03-16T15:28:59.547537;217.19.208.100;c8baa77779954d41b7f9a2834a6b69fd;[5, 10];OK (833568)
2017-03-16T15:29:07.561307;217.19.209.163;b88a60dcc1984ea0866f30ad51e3ea6c;[6];OK (652701)
2017-03-16T15:29:08.251947;10.253.14.50;bece2bc4ea044b54a90f76149ca176d4;[1];NOCODE (748864)
2017-03-16T15:29:10.430500;10.253.186.143;c00e6b5f223e43739323679db73849c8;[6];OK (288917)
2017-03-16T15:29:30.911785;62.221.99.181;1835ae07f6c74427906410d341e1229f;[5];NOCODE (12)
